<?xml version="1.0" encoding="UTF-8"?>
<project-private xmlns="http://www.netbeans.org/ns/project-private/1">
    <editor-bookmarks xmlns="http://www.netbeans.org/ns/editor-bookmarks/2" lastBookmarkId="0"/>
    <open-files xmlns="http://www.netbeans.org/ns/projectui-open-files/2">
        <group>
            <file>file:/A:/Users/clifhunger/Desktop/PingPongApp/src/pingpongapp/exemple/Client.java</file>
            <file>file:/A:/Users/clifhunger/Desktop/PingPongApp/src/pingpongapp/config.properties</file>
            <file>file:/A:/Users/clifhunger/Desktop/PingPongApp/src/pingpongapp/Client.java</file>
            <file>file:/A:/Users/clifhunger/Desktop/PingPongApp/src/pingpongapp/Joueur.java</file>
            <file>file:/A:/Users/clifhunger/Desktop/PingPongApp/src/pingpongapp/PingPongApp.java</file>
            <file>file:/A:/Users/clifhunger/Desktop/PingPongApp/build/built-jar.properties</file>
            <file>file:/A:/Users/clifhunger/Desktop/PingPongApp/src/pingpongapp/etat/FinPassive.java</file>
            <file>file:/A:/Users/clifhunger/Desktop/PingPongApp/src/pingpongapp/etat/FinActive.java</file>
            <file>file:/A:/Users/clifhunger/Desktop/PingPongApp/src/pingpongapp/Serveur.java</file>
            <file>file:/A:/Users/clifhunger/Desktop/PingPongApp/build/config.properties</file>
            <file>file:/A:/Users/clifhunger/Desktop/PingPongApp/src/pingpongapp/etat/IlSert.java</file>
        </group>
    </open-files>
</project-private>
